Voucher Number,Voucher Type
BAP2425-0017,Bank Payment
BAP2425-0019,Bank Payment
BAP2425-0020,Bank Payment
BAP2425-0062,Bank Payment
BAP2425-0065,Bank Payment
BAP2425-0089,Bank Payment
BAP2425-0129,Bank Payment
BAP2425-0126,Bank Payment
BAP2425-0140,Bank Payment
BAP2425-0142,Bank Payment
BAP2425-0144,Bank Payment
BAP2425-0159,Bank Payment
BAP2425-0180,Bank Payment
BAP2425-0181,Bank Payment
BAP2425-0193,Bank Payment
BAP2425-0228,Bank Payment
BAP2425-0242,Bank Payment
BAP2425-0243,Bank Payment
BAP2425-0244,Bank Payment
BAP2425-0266,Bank Payment
BAP2425-0271,Bank Payment
BAP2425-0245,Bank Payment
BAP2425-0246,Bank Payment
BAP2425-0284,Bank Payment
BAP2425-0348,Bank Payment
BAP2425-0288,Bank Payment
BAP2425-0292,Bank Payment
BAP2425-0301,Bank Payment
BAP2425-0331,Bank Payment
BAP2425-0356,Bank Payment
BAP2425-0386,Bank Payment
BAP2425-0394,Bank Payment
BAP2425-0396,Bank Payment
BAP2425-0400,Bank Payment
BAP2425-0482,Bank Payment
BAP2425-0489,Bank Payment
BAP2425-0542,Bank Payment
BAP2425-0544,Bank Payment
BAP2425-0562,Bank Payment
BAP2425-0652,Bank Payment
BAP2425-0568,Bank Payment
BAP2425-0569,Bank Payment
BAP2425-0633,Bank Payment
BAP2425-0741,Bank Payment
BAP2425-0720,Bank Payment
BAP2425-0721,Bank Payment
BAP2425-0789,Bank Payment
BAP2425-0774,Bank Payment
BAP2425-0834,Bank Payment
BAP2425-0778,Bank Payment
BAP2425-0828,Bank Payment
BAP2425-0831,Bank Payment
BAP2425-0876,Bank Payment
BAP2425-0838,Bank Payment
BAP2425-0840,Bank Payment
BAP2425-0841,Bank Payment
BAP2425-0851,Bank Payment
BAP2425-0922,Bank Payment
BAP2425-0924,Bank Payment
BAP2425-1001,Bank Payment
BAP2425-0980,Bank Payment
BAP2425-0901,Bank Payment
BAP2425-0903,Bank Payment
BAP2425-0904,Bank Payment
BAP2425-0905,Bank Payment
BAP2425-0992,Bank Payment
BAP2425-1033,Bank Payment
BAP2425-1034,Bank Payment
BAP2425-1038,Bank Payment
BAP2425-1039,Bank Payment
BAP2425-1101,Bank Payment
BAP2425-1049,Bank Payment
BAP2425-1114,Bank Payment
BAP2425-1086,Bank Payment
BAP2425-1115,Bank Payment
BAP2425-1116,Bank Payment
BAP2425-1146,Bank Payment
BAP2425-1122,Bank Payment
BAP2425-1125,Bank Payment
BAP2425-1210,Bank Payment
BAP2425-1174,Bank Payment
BAP2425-1175,Bank Payment
BAP2425-1181,Bank Payment
BAP2425-1185,Bank Payment
BAP2425-1191,Bank Payment
BAP2425-1192,Bank Payment
BAP2425-1196,Bank Payment
BAP2425-1197,Bank Payment
BAP2425-1199,Bank Payment
BAP2425-1240,Bank Payment
BAP2425-1241,Bank Payment
BAP2425-1246,Bank Payment
BAP2425-1297,Bank Payment
BAP2425-1306,Bank Payment
BAP2425-1307,Bank Payment
BAP2425-1332,Bank Payment
BAP2425-1353,Bank Payment
BAP2425-1373,Bank Payment
BAP2425-1399,Bank Payment
BAP2425-1382,Bank Payment
BAP2425-1383,Bank Payment
BAP2425-1479,Bank Payment
BAP2425-1414,Bank Payment
BAP2425-1416,Bank Payment
BAP2425-1446,Bank Payment
BAP2425-1429,Bank Payment
BAP2425-1448,Bank Payment
BAP2425-1452,Bank Payment
BAP2425-1453,Bank Payment
BAP2425-1455,Bank Payment
BAP2425-1456,Bank Payment
BAP2425-1533,Bank Payment
BAP2425-1561,Bank Payment
BAP2425-1583,Bank Payment
BAP2425-1618,Bank Payment
BAP2425-1620,Bank Payment
BAP2425-1589,Bank Payment
BAP2425-1592,Bank Payment
BAP2425-1623,Bank Payment
BAP2425-1609,Bank Payment
BAP2425-1716,Bank Payment
BAP2425-1695,Bank Payment
BAP2425-1696,Bank Payment
BAP2425-1700,Bank Payment
BAP2425-1728,Bank Payment
BAP2425-1733,Bank Payment
BAP2425-1738,Bank Payment
BAP2425-1757,Bank Payment
BAP2425-1832,Bank Payment
BAP2425-1707,Bank Payment
BAP2425-1743,Bank Payment
